{
  "name": "Who's on Call workflow",
  "description": "",
  "form": "820c3ba5-769c-488b-9c84-1df8909c23ee",
  "blocks": [
    {
      "id": "23b48fdf-67e8-423e-b6fe-4ac73bc7709a",
      "label": "Create Event - Who's On Call Today",
      "environment": "HOSTED",
      "presentation": "{\"w\":60,\"x\":660,\"h\":60,\"y\":190}",
      "step": "2496ec1f-f76d-4d02-b850-2b7047088147",
      "stepType": "CREATE_EVENT",
      "inputMappings": [
        {
          "inputPort": "input",
          "mapping": "${c3ba867d-6525-49a2-ba4c-5f714792905e.OnCall_HTML_9}",
          "sectionItemKey": "76c17291-f66f-43f6-a2c6-03e70e9ac4ee"
        },
        {
          "inputPort": "input",
          "mapping": "${c3ba867d-6525-49a2-ba4c-5f714792905e.OnCall_HTML_0}",
          "sectionItemKey": "63573a8e-60d0-468b-b885-4087543a362a"
        },
        {
          "inputPort": "input",
          "mapping": "${c3ba867d-6525-49a2-ba4c-5f714792905e.OnCall_HTML_8}",
          "sectionItemKey": "8b42386e-507f-49d4-9534-d40ce68cf771"
        },
        {
          "inputPort": "input",
          "mapping": "3",
          "sectionItemKey": "a79092fc-38ca-44b4-bb9a-cefd3b99aab6"
        },
        {
          "inputPort": "input",
          "mapping": "${c3ba867d-6525-49a2-ba4c-5f714792905e.OnCall_HTML_5}",
          "sectionItemKey": "bcf6c9c5-bc64-4e42-b67e-b15d1191d2d3"
        },
        {
          "inputPort": "input",
          "mapping": "Work Email",
          "sectionItemKey": "ca4bebd4-0b1f-528e-a0b6-17a6f3d6964e"
        },
        {
          "inputPort": "input",
          "mapping": "${c3ba867d-6525-49a2-ba4c-5f714792905e.OnCall_HTML_7}",
          "sectionItemKey": "74b10888-6b18-4ac1-ab1a-7fc1a9f8e299"
        },
        {
          "inputPort": "input",
          "mapping": "${c3ba867d-6525-49a2-ba4c-5f714792905e.OnCall_plain}",
          "sectionItemKey": "ea99b00f-d69f-4d50-bbe9-86fc64007d78"
        },
        {
          "inputPort": "input",
          "mapping": "${c3ba867d-6525-49a2-ba4c-5f714792905e.OnCall_HTML_10}",
          "sectionItemKey": "23d44f45-6c8d-4c70-b560-b8f0bb207e8e"
        },
        {
          "inputPort": "input",
          "mapping": "On Call Now",
          "sectionItemKey": "7de1c512-aba9-530a-a468-88e321990274"
        },
        {
          "inputPort": "input",
          "mapping": "${c3ba867d-6525-49a2-ba4c-5f714792905e.OnCall_HTML_6}",
          "sectionItemKey": "3a6ad0b4-9ae2-48d7-bbd9-150b3277cc2f"
        },
        {
          "inputPort": "input",
          "mapping": "${c3ba867d-6525-49a2-ba4c-5f714792905e.OnCall_HTML_1}",
          "sectionItemKey": "671a6e12-14c3-411f-85db-84573c42704b"
        },
        {
          "inputPort": "input",
          "mapping": "rselby",
          "sectionItemKey": "recipients"
        },
        {
          "inputPort": "input",
          "mapping": "${c3ba867d-6525-49a2-ba4c-5f714792905e.OnCall_HTML_2}",
          "sectionItemKey": "7f7e0e40-cf2f-47cc-a425-60bc1e5571f0"
        },
        {
          "inputPort": "input",
          "mapping": "${c3ba867d-6525-49a2-ba4c-5f714792905e.OnCall_HTML_3}",
          "sectionItemKey": "fb151a0b-3d54-4478-ac18-6adf5786dcbf"
        },
        {
          "inputPort": "input",
          "mapping": "${c3ba867d-6525-49a2-ba4c-5f714792905e.OnCall_HTML_4}",
          "sectionItemKey": "12637654-53aa-47f9-9d76-5771cdc42f94"
        }
      ]
    },
    {
      "id": "cc8053d5-8f6f-41dc-b909-705296126406",
      "label": "Slack Who's on Call - Event Status Updates",
      "environment": "HOSTED",
      "presentation": "{\"w\":60,\"x\":0,\"h\":60,\"y\":40}",
      "step": "411220e1-1abc-4662-8b36-b3675e8dfdd3",
      "stepType": "INTEGRATION"
    },
    {
      "id": "951f5ef2-6ce6-4982-8642-a59dfa7a41b7",
      "label": "Switch",
      "environment": "HOSTED",
      "presentation": "{\"w\":60,\"x\":220,\"h\":60,\"y\":55}",
      "stepType": "SWITCH",
      "inputMappings": [
        {
          "inputPort": "input",
          "mapping": "${event.status}"
        }
      ],
      "switchCases": [
        {
          "caseId": "5a7466c5-f445-49c3-91e8-0d603098d835",
          "caseValue": "ACTIVE"
        }
      ]
    },
    {
      "id": "c3ba867d-6525-49a2-ba4c-5f714792905e",
      "endpoint": "xMatters",
      "label": "Who's On Call efficient",
      "environment": "HOSTED",
      "presentation": "{\"w\":60,\"x\":440,\"h\":60,\"y\":190}",
      "step": "ff8a2ca4-aa7a-4af3-874f-2eebdd9b17f8",
      "stepType": "SCRIPT_STEP",
      "inputMappings": [
        {
          "inputPort": "input",
          "mapping": "${event.properties.Groups}",
          "stepInput": "bdb23a9c-f63a-4c73-bb24-e7fe7d4c8d39"
        },
        {
          "inputPort": "input",
          "mapping": "${event.properties.Separator Character}",
          "stepInput": "e67a1001-f438-479f-886d-1065e0cbf939"
        }
      ]
    }
  ],
  "edges": [
    {
      "fromBlock": "951f5ef2-6ce6-4982-8642-a59dfa7a41b7",
      "fromPort": "5a7466c5-f445-49c3-91e8-0d603098d835",
      "toBlock": "c3ba867d-6525-49a2-ba4c-5f714792905e",
      "toPort": "input"
    },
    {
      "fromBlock": "c3ba867d-6525-49a2-ba4c-5f714792905e",
      "fromPort": "output",
      "toBlock": "23b48fdf-67e8-423e-b6fe-4ac73bc7709a",
      "toPort": "input"
    },
    {
      "fromBlock": "cc8053d5-8f6f-41dc-b909-705296126406",
      "fromPort": "output",
      "toBlock": "951f5ef2-6ce6-4982-8642-a59dfa7a41b7",
      "toPort": "input"
    }
  ]
}