[
  {
    "id": "ff8a2ca4-aa7a-4af3-874f-2eebdd9b17f8",
    "name": "Who's On Call efficient",
    "description": "Efficient",
    "icon": "https://s3-xmatters-static.s3.amazonaws.com/null/customers/b1d45caa-e9a4-4422-9702-5aece4f445a0/IMAGE__20200916155852060__oncall_icon.png",
    "script": "// By Matt Steele and Richard Selby\n// October 2020 \nlet debugLog = true;\nconst ocl = require('onCallLib_efficient');\nconst log = ocl.makeLogger('main', debugLog);\n\n\nvar separator = input['Separator'];\n\nlog('Get On-Call started with input Groups '+input['Groups']);\nlog('Separator is  '+ separator);\n\n\n\n\n// Figure out which groups to query first. Get an array of all active groups in xMatters\n// Group names. This is needed for name matching\nvar allGroups = ocl.getAllGroupNames();\n\nvar groupsInput = []; // User input from form e.g. Red Group|Green Team|Yellow Team\nvar groups = []; // Group names that we will query on-call for\n\n// Check for blank input\nvar blankInput = !(input['Groups'].trim());\n\nif (blankInput){\n    console.log('Blank input means all groups');\n    groups = allGroups;\n}\nelse \n{\n    var groupsInput=[];\n    \n    // Split users into array based on separator\n    if (separator.match(/newline/i))\n        groupsInput = input['Groups'].split(\"\\n\");\n    else if (separator.match(/comma/i))\n        groupsInput = input['Groups'].split(\",\");\n    else if (separator.match(/pipe/i))\n        groupsInput = input['Groups'].split(\"|\");\n    \n    log('Post-split groupsInput is '+groupsInput.length+' long' );\n    \n    for(let i=0; i< groupsInput.length; i++) {\n    \n        var grp = groupsInput[i].trim();\n\n        if (!grp) { //skip empty strings\n             continue; \n        }\n    \n        var re;\n        if (grp.includes('*'))   {\n            re = ocl.wildcardToRegExp(grp);\n            //console.log(`${i}. Checking ${grp} wildcard. Re is ${re}`);\n        }\n        else {\n            re=new RegExp(grp, 'i');\n            //console.log(`${i}. Checking ${grp} exact match. Re is ${re}`);  \n        }\n        \n        for (let j=0; j<allGroups.length;j++) {\n            let g = allGroups[j];\n            if (g.match(re)){\n                groups.push(g);\n            }\n        } // inner for\n    } // outer for\n} // else\n\n\ngroups.sort();\ngroups = groups.filter(ocl.onlyUnique); \n\nlog(\"After checking Groups array has \"+groups.length+\" members: \"+groups);\n\nvar oncallTargets = [];\nvar currenttime = new Date();\n\n// Get number of groups\nconst groupTotal = groups.length;\n\n// Get on Call and nested group oncall\nvar onCall = ocl.getOncall(groups,\"\");\n\n// Get all Devices\nvar allDevices = ocl.getAllDevices();\nconsole.log('Final tally');\nlog(\"allGroups Final: \" + JSON.stringify(groups));\nlog(\"allOncall Final: \" + JSON.stringify(onCall));\nlog(\"allDevices Final: \" + JSON.stringify(allDevices));\n\nvar oncalFormatted =\"\";\nvar plainFormatted ='';\nfor (let k = 0; k<groups.length; k++) {\n    \n    // Call function to build oncall email \n    var html_formatted = ocl.formatMessageHTML(groups[k], onCall, allDevices, \"\",0);\n    // Add table wrapper tags\n    oncalFormatted += '\\n<table>\\n' + html_formatted + \"\\n<tr><td><h5></h5></td></tr></table>\\n\";\n    \n    // Same in plain text format\n    var plain_text = ocl.formatMessagePlain(groups[k], onCall, allDevices, \"\",0);\n    plainFormatted += plain_text;\n}\n\n// If nothing returned \nif (oncalFormatted === \"\"){\n    var msg = 'Sorry, nothing to show';\n    log(msg);\n    \n    if (input['Groups']){\n        output['OnCall_HTML_0'] = `${msg} for <em>${input['Groups']}</em>`;\n        output['OnCall_plain'] = `${msg} for ${input['Groups']}`\n    }\n    else {\n        output['OnCall_HTML_0'] = msg;\n        output['OnCall_plain'] = msg;\n    }\n    \n    return;\n}\n\n// Break HTML response into chunks that will fit into xMatters properties\nlog('Breaking HTML into chunks');\nvar chunks = oncalFormatted.match(/(.|[\\r\\n]){1,19900}/g); \n\n//log(\"Chunks: \" + chunks + \" END\");\n\n// Add (table> to front and end  \noutput['OnCall_HTML_0'] = chunks[0] ;\noutput['OnCall_HTML_1'] = chunks[1] ;\noutput['OnCall_HTML_2'] = chunks[2] ;\noutput['OnCall_HTML_3'] = chunks[3] ;\noutput['OnCall_HTML_4'] = chunks[4] ;\noutput['OnCall_HTML_5'] = chunks[5] ;\noutput['OnCall_HTML_6'] = chunks[6] ;\noutput['OnCall_HTML_7'] = chunks[7] ;\noutput['OnCall_HTML_8'] = chunks[8] ;\noutput['OnCall_HTML_9'] = chunks[9] ;\noutput['OnCall_HTML_10'] = chunks[10] ;\n\n// Plain version\n// Assume there's a lot less of it so no chunks\noutput['OnCall_plain'] = plainFormatted;\n \nlog(\"Who's On Call step completed\");\n",
    "endpointLabel": "xMatters",
    "allowedEnvironment": "HOSTED",
    "accessibleByAll": "NotShared",
    "scriptStepType": "USER",
    "inputs": [
      {
        "id": "bdb23a9c-f63a-4c73-bb24-e7fe7d4c8d39",
        "name": "Groups",
        "helpText": "This input should contain a pipe | delimited list of groups. Leave blank for all groups.",
        "multiline": false,
        "required": false,
        "maxLength": 20000,
        "minLength": 0,
        "position": 0
      },
      {
        "id": "e67a1001-f438-479f-886d-1065e0cbf939",
        "name": "Separator",
        "helpText": "",
        "multiline": false,
        "required": false,
        "maxLength": 30,
        "minLength": 0,
        "position": 1
      }
    ],
    "outputs": [
      {
        "id": "73034e12-0235-4add-b429-29f9efd9f1d9",
        "name": "OnCall",
        "position": 0
      },
      {
        "id": "bade291c-ab48-4ec9-8aeb-50842371b1f3",
        "name": "OnCall_HTML_0",
        "position": 1
      },
      {
        "id": "30e4b0e4-0927-4177-a6b4-2314c1b139fc",
        "name": "OnCall_HTML_1",
        "position": 2
      },
      {
        "id": "8bf324ca-ff29-4a17-8f41-4e838ce1816c",
        "name": "OnCall_HTML_2",
        "position": 3
      },
      {
        "id": "7b8cff60-6b17-4a3f-953a-eac28b37bc9e",
        "name": "OnCall_HTML_3",
        "position": 4
      },
      {
        "id": "c1bee905-64f0-4dfd-a61b-d2afec93e636",
        "name": "OnCall_HTML_4",
        "position": 5
      },
      {
        "id": "b89683b7-7b58-4cf5-88a1-58199c75dbb7",
        "name": "OnCall_HTML_5",
        "position": 6
      },
      {
        "id": "3eab623b-6053-407c-a83a-cda2522b8580",
        "name": "OnCall_HTML_6",
        "position": 7
      },
      {
        "id": "ac4c5012-32f5-40a5-8ab6-5de65e648208",
        "name": "OnCall_HTML_7",
        "position": 8
      },
      {
        "id": "72faf0b5-1799-4aae-b77c-519e4d191f32",
        "name": "OnCall_HTML_8",
        "position": 9
      },
      {
        "id": "bcef5c0a-95ff-48d9-8221-ce5c20ebde5a",
        "name": "OnCall_HTML_9",
        "position": 10
      },
      {
        "id": "aefd7f9a-40c7-4b84-86eb-2961dfe697f4",
        "name": "OnCall_HTML_10",
        "position": 11
      },
      {
        "id": "495c70f9-18d8-4401-8a79-782efd821b02",
        "name": "OnCall_plain",
        "position": 12
      }
    ],
    "libraries": [
      {
        "id": "f5d64bdd-1f3a-4b3e-a891-515212ec6e48",
        "referenceName": "onCallLib_efficient",
        "library": {
          "id": "b8592ed6-da15-451c-9e20-f89b2eab6f24",
          "name": "onCallLib_efficient",
          "script": "/* onCallLib_efficient\n * by Matt Steele and Richard Selby \n * September 2020 \n * \n *   getAllGroupNames()   -- line 21\n *   getOnCallSummary()   -- line 85\n *   getOncall()          -- line 140\n *   getAllDevices()      -- line 189\n *   makeLogger()         -- line 290\n *   wildcardToRegExp()   -- line 308\n *   regExpEscape()       -- line 316\n *   onlyUnique()         -- line 329\n *   formatMessageHTML()  -- line 342\n *   formatMessagePlain() -- line 457\n */\nvar logMe=true; // set to false for fewer logs\nvar log = makeLogger('oclib', logMe);\n\n\n/* getAllGroupNames()\n * Returns an array of all active group names\n */\nexports.getAllGroupNames = getAllGroupNames;\nfunction getAllGroupNames() {\n    \n    var groups = []; // results array\n    var path =  '/api/xm/1/groups?status=ACTIVE&limit=1000';\n    var apiRequest, apiResponse, statusCode, body;\n    var moreToFetch = false;\n    \n    do {\n        log('getAllGroupNames: path is '+path);\n        \n        apiRequest= http.request({\n            'endpoint': 'xMatters',\n            'path': path,\n            'method': 'GET',\n            'headers': {\n                'Content-Type': 'application/json'\n            }\n        });\n    \n    \n        apiResponse = apiRequest.write();\n\n        statusCode = apiResponse.statusCode;\n        if (statusCode != 200){\n            log('Something strange happened. Status code '+statusCode); \n            return groups;\n        }\n\n        body  = JSON.parse(apiResponse.body);\n        var data, count, total, links;\n        count = body.count;\n        data = body.data;\n        links = body.links;\n        \n        for (let i=0; i< count; i++) {\n            var groupName = data[i].targetName;\n           // log(\"Got \" + groupName);\n            groups.push(groupName);\n        }\n        \n         \n        if (links && links['next']) {\n            path = links['next'];\n            moreToFetch = true;\n        }\n        else{\n            //log(\"getAllGroupNames. Got them all\"); \n            moreToFetch = false;\n        }\n    \n    } while(moreToFetch);\n  \n    log('getAllGroupNames: pulled '+groups.length +' groups:  '+ groups);\n    return groups;\n}\n\n\n/* getOnCallSummary()\n * Get who's on call summary from xMatters\n * group = Comma seperated list of Group Names\n * Returns the body if we can, otherwise false\n*/\nexports.getOnCallSummary = getOnCallSummary;\nfunction getOnCallSummary(groups) {\n\n\n    var oncallObj = {};\n    //oncallObj.name = groups;\n\n    var apiRequest = http.request({\n        'endpoint': 'xMatters',\n        'path': '/api/xm/1/on-call-summary?groups=' + groups + '&recipientsPerShift=100',\n        'method': 'GET',\n        'autoEncodeURI':'false'\n    });\n    var apiResponse = apiRequest.write();\n\n    if (apiResponse.statusCode == 200) {\n        \n        var response = JSON.parse(apiResponse.body);\n\n        for (let i=0; i< response.length; i++) {\n            \n\n            // Create Group key if it's missing\n             if (!oncallObj[response[i].group.name]){\n                 \n                oncallObj[response[i].group.name] = { };\n             //    var memberIndex = 0;\n             }\n             // Create Group - Shift key if it's missing\n             if (!oncallObj[response[i].group.name][response[i].shift.name]){\n               \n                oncallObj[response[i].group.name][response[i].shift.name] = [];\n                \n             }\n             var memberIndex = oncallObj[response[i].group.name][response[i].shift.name].length; \n             \noncallObj[response[i].group.name][response[i].shift.name].push({\"displayName\": response[i].recipient.displayName,\"targetName\": response[i].recipient.targetName,\"recipientType\": response[i].recipient.recipientType,\"delay\": response[i].delay,\"wait\": memberIndex >0?response[i].delay - response[i-1].delay:response[i].delay,\"escalationLevel\": response[i].escalationLevel,\"absence\": response[i].absence   });\n    \n             \n             }\n                 \n        return oncallObj;\n    }\n    \n    // Group doesn't exist, maybe name has changed\n    return false;\n}\n\n\n\n/* getOncall()\n * \n * \n *\n */\nexports.getOncall = getOncall;\nfunction getOncall (groups, response) {\n    // Get all Oncall\n\tvar pageSize = 20; // max is 30\n    var onCallSummary = {};\n    for (let i = 0; i<groups.length; i+=pageSize)\n\t{\n        \n        var groupArray = [];\n        var groupSlice = groups.slice(i, i+pageSize);\n        \n        for (var g in groupSlice) {\n             groupArray.push(encodeURIComponent(groupSlice[g]));\n        }\n        \n        // Get all groups oncall summary\n        var groupRes = getOnCallSummary(groupArray.join());\n        onCallSummary = Object.assign(onCallSummary, groupRes);\n    }\n\n    // Get any nested groups not in the first round on oncall\n    var nestedGroups = [];\n    for (var ng in onCallSummary) {\n        for (var ns in onCallSummary[ng]) {\n            for (var nm in onCallSummary[ng][ns]) {\n                if (onCallSummary[ng][ns][nm].recipientType === \"GROUP\"){\n                    nestedGroups.push(onCallSummary[ng][ns][nm].targetName);\n                } // if\n            } // member for\n        } // shift for\n    } // group for\n\n    // First loop of function has no response callback\n    if (response !== \"\"){\n         onCallSummary = Object.assign(response, onCallSummary);\n    }\n    // if nested group exists look up the nested group with callback\n    if (nestedGroups.length > 0){\n       return getOncall(nestedGroups,onCallSummary);\n    }\n    else {\n        return onCallSummary;\n    }\n}\n\n\n/* getAllDevices()\n * Returns an array of all devices\n */\nexports.getAllDevices = getAllDevices;\nfunction getAllDevices() {\n    \n    var devices = {}; // results object\n    var path =  '/api/xm/1/devices?limit=1000';\n    var apiRequest, apiResponse, statusCode, body;\n    var moreToFetch = false;\n    var deviceCount = 0;\n    \n    do {\n        log('getAllDevices: path is '+path);\n        \n        apiRequest= http.request({\n            'endpoint': 'xMatters',\n            'path': path,\n            'method': 'GET',\n            'headers': {\n                'Content-Type': 'application/json'\n            }\n        });\n    \n    \n        apiResponse = apiRequest.write();\n\n        statusCode = apiResponse.statusCode;\n        if (statusCode != 200){\n            log('Something strange happened. Status code '+statusCode); \n            return devices;\n        }\n\n        body  = JSON.parse(apiResponse.body);\n        var data, count, total, links;\n        count = body.count;\n        data = body.data;\n        links = body.links;\n        \n        for (let i=0; i< count; i++) {\n            \n            // If a device key for user exists\n            if (devices[data[i].owner.targetName]){\n                \n             //   devices[data[i].owner.targetName].push()\n                \n            \n               if (data[i].deviceType === \"VOICE\"){\n                   \n                    devices[data[i].owner.targetName].push({\"type\":data[i].name,\"device\":data[i].phoneNumber} ); \n                    deviceCount++;\n                   \n               }\n               else if (data[i].deviceType === \"EMAIL\"){\n                   devices[data[i].owner.targetName].push({\"type\":data[i].name,\"device\":data[i].emailAddress}); \n                   deviceCount++;\n               }\n               \n            \n             }    \n             // Device key for user does not exist, create one for user\n             else{\n                \n                 \n              if (data[i].deviceType === \"VOICE\"){\n                   devices[data[i].owner.targetName] = [{\"type\":data[i].name,\"device\":data[i].phoneNumber} ]; \n                   deviceCount++;\n               }\n               else if (data[i].deviceType === \"EMAIL\"){\n                   devices[data[i].owner.targetName] = [{\"type\":data[i].name,\"device\":data[i].emailAddress}];\n                   deviceCount++;\n               }\n            }\n        } //for\n         \n        if (links && links['next']) {\n            path = links['next'];\n            moreToFetch = true;\n        }\n        else{\n            //log(\"getAllGroupNames. Got them all\"); \n            moreToFetch = false;\n        }\n    \n    } while(moreToFetch);\n  \n    log('getDevices: pulled '+ deviceCount  +' devices:  '+ JSON.stringify(devices));\n    return devices;\n}\n\n\n\n/* makeLogger()\n * Returns a logging function. \n * Usage:\n      var logMe = true;\n      var log = makeLogger(\"XYZ\", logMe ); \n      log(\"Hello World\");          // => XYZ 1: Hello World\n      log(\"Bye bye cruel world\");  // => XYZ 2: By bye cruel World\n */\nexports.makeLogger = makeLogger;\nfunction makeLogger(prefix, logMe) {\n    var i=1;\n    var logger = function(msg){\n        if (logMe) {\n            console.log(prefix + \" \"+ i+\": \"+ msg);\n            i++;\n        }\n    };\n    return logger;\n}\n\n\n\n/* wildcardToRegExp()\n * Creates a RegExp from the given string, converting asterisks to .* expressions,\n * and escaping all other characters.\n */\nexports.wildcardToRegExp = wildcardToRegExp;\nfunction wildcardToRegExp (s) {\n  return new RegExp('^' + s.split(/\\*+/).map(regExpEscape).join('.*') + '$','i');\n}\n\n\n/* regExpEscape()\n * RegExp-escapes all characters in the given string.\n */\nfunction regExpEscape (s) {\n  return s.replace(/[|\\\\{}()[\\]^$+*?.]/g, '\\\\$&');\n}\n\n\n\n/* justUnique(value, index, self)\n * From https://stackoverflow.com/questions/1960473/\n * Example:\n *   var a = ['a', 1, 'a', 2, '1'];\n *   var unique = a.filter( onlyUnique ); // returns ['a', 1, 2, '1']\n */ \nexports.onlyUnique = onlyUnique;\nfunction onlyUnique(value, index, self) { \n    return self.indexOf(value) === index;\n}\n\n\n/* formatMessageHTML()\n * Formats results as HTML table\n * targetGroup {String} Single group name that we are getting oncall for\n * oncallTargets {Array} All oncall data for all groups\n * allDevices {Array}  All device data for all users\n * nested {String} = \"<td></td>\": the table html to add when for a nested groups,\n *                    For parent groups, just pass in \"\" \n * level {number} Nested group level. Parent group is 0\n */\nexports.formatMessageHTML = formatMessageHTML;\nfunction formatMessageHTML(targetGroup, oncallTargets, allDevices, nested, level)\n{\n\n    var formatted =\"\";\n    var groupName = \"\";\n    var shifts = \"\";\n    if (nested !== \"\" ){\n        groupName = '<h4><table><tr><td><h2></h2></td><td><h2>Nested Group: <strong> ' + targetGroup + '</strong></h2></td></tr>\\n';\n    }\n    else{\n        groupName = '<tr><td><h1>' + \" \" + targetGroup + '</h1></td></tr>\\n';\n    }  \n    \n    // Shifts\n    for (var s in oncallTargets[targetGroup]) {\nconsole.log(\"shift \" + s );\n      \n        var shiftName = \"\";\n        var members = \"\";\n\n        // Set shift name.\n        shiftName = s;\n            \n            //Members\n            for (var m in oncallTargets[targetGroup][s] ) {\n                \n                var wait = \"\";\n                var device = \"\";\n                var nestedHtml = \"\";\n                var member = \"\";\n                \n                \n                    /* ================================\n                    * DEAL WITH NESTED GROUPS\n                    * Check if recipient is a nested group\n                    ================================ */\n                   if (oncallTargets[targetGroup][s][m].recipientType === \"GROUP\"){\n                      \n                        // Call back this function to build nested group html table\n                        var nestedGroup = [oncallTargets[targetGroup][s][m].targetName];\n                        nestedHtml = formatMessageHTML( nestedGroup, oncallTargets, allDevices,\"<td></td>\",level+1);\n                        \n                            // Check if group has a wait time\n                            if ( oncallTargets[targetGroup][s][m].wait  > 0){\n                                members += '<tr>' + nested + '<td><em>...wait ' + oncallTargets[targetGroup][s][m].wait + \" minutes</em></td></tr>\" \n                            } \n                        // Close the nested group html\n                        members += nested!==\"\"? \"<tr><td></td><td>\" + nestedHtml + '</table></h4></td></tr>': \"<tr><td>\" + nestedHtml + '<tr> <td></td><td></td> </tr> </table></h4></td></tr>';\n                    }                       \n                  \n\n\t\t\t\t\t// Add devices to message\n\t\t\t\t\t// Check recipient type then get the device from allDevices using the user targetName\n\t\t\t\t\tif (  oncallTargets[targetGroup][s][m].recipientType === \"PERSON\" &&  allDevices[  oncallTargets[targetGroup][s][m].targetName  ]){\n                        // Use whatever device comes first\n\t\t\t\t\t\tdevice = allDevices[oncallTargets[targetGroup][s][m].targetName ][0].device;\n\t\t\t\t\t}\n\t\t\t\t\telse if  (  oncallTargets[targetGroup][s][m].recipientType === \"DEVICE\" &&  allDevices[  oncallTargets[targetGroup][s][m].targetName.split(\"|\")[0]  ]){\n                        // Use whatever device comes first\n\t\t\t\t\t\tdevice = allDevices[oncallTargets[targetGroup][s][m].targetName.split(\"|\")[0] ][0].device;\n\t\t\t\t\t}\n\t\t\t\t\telse{\n\t\t\t\t\t    device = \"\";\n\t\t\t\t\t}\n\n\n                   // Dont add member name when not a nested group\n                    if (oncallTargets[targetGroup][s][m].recipientType !== \"GROUP\"){\n \n                        member += oncallTargets[targetGroup][s][m].displayName + \" (\" +  oncallTargets[targetGroup][s][m].targetName + \")\";\n                    }\n                \n                   // Add wait time when its greater than zero and not part of a group. nested groups will have added wait time already\n                    if ( oncallTargets[targetGroup][s][m].wait  > 0 && oncallTargets[targetGroup][s][m].recipientType !== \"GROUP\"){\n                       members += '<tr>' + nested + '<td><em>...wait ' + oncallTargets[targetGroup][s][m].wait + \" minutes</em></td></tr>\" \n                    }\n                    \n                   // Add Member and device\n                   members +=  member?'<tr>' + nested + '<td><li>'+ member + \" \" + device + \"</li></td></tr>\":\"\";\n\n            } // Close for members\n\n            console.log(\"shiftName \" + shiftName);\n            // Concatenate the Shift string.\n            shifts += '<tr>' + nested + '<td><strong><h3><em>'+  shiftName + '</em></h3></strong></td></tr>';\n            // Add members to shift - this puts shift at top\n            shifts += members;\n            \n            console.log(\"shifts \" + shifts);\n\n        } // Close for shifts\n\n      // Concatenate each oncall member, group and shift\n      if (shifts){\n        formatted = groupName + shifts;\n      }\n      else{\n        formatted = groupName + '<tr>' + nested + '<td><em>This group has no shifts.</em></td></tr>';\n      }\n\n    return formatted;\n} //formatMessageHTML()\n\n\n\n/* formatMessagePlain()\n * Formats results as comma separated text\n * targetGroup {String} Single group name that we are getting oncall for\n * oncallTargets {Array} All oncall data for all groups\n * allDevices {Array}  All device data for all users\n * nested {String} = \"\" the data to add when for a nested groups,\n *                    For parent groups, just pass in \"\" \n * level {number} Nested group level. Parent group is 0\n */\nexports.formatMessagePlain = formatMessagePlain;\nfunction formatMessagePlain(targetGroup, oncallTargets, allDevices, nested, level)\n{\n\n    var formatted =\"\";\n    var groupName = \"\";\n    var shifts = \"\";\n    \n    if (!nested){\n        groupName = `\\n\"Group: ${targetGroup}\"\\n`;\n    }\n    else{\n        groupName = `\"Nested group: ${targetGroup}\"\\n`;\n    }  \n  \n    \n    // Shifts\n    for (var s in oncallTargets[targetGroup]) {\n        log(\"fmtPlain shift \" + s );\n      \n        var shiftName = \"\";\n        var members = \"\";\n\n        // Set shift name.\n        shiftName = s;\n            \n            //Members\n            for (var m in oncallTargets[targetGroup][s] ) {\n                \n                var wait = \"\";\n                var device = \"\";\n                var nestedText = \"\";\n                var member = \"\";\n                \n            \n                     /* DEAL WITH NESTED GROUPS\n                      * Check if recipient is a nested group\n                      */\n                   if (oncallTargets[targetGroup][s][m].recipientType === \"GROUP\"){\n                      \n                        // Call back this function to build nested group html table\n                        var nestedGroup = [oncallTargets[targetGroup][s][m].targetName];\n                        nestedText = formatMessagePlain( nestedGroup, oncallTargets, allDevices,\"[nested],\",level+1);\n                        \n                            // Check if group has a wait time\n                            if ( oncallTargets[targetGroup][s][m].wait  > 0){\n                                members +=  nested + ',...wait ' + oncallTargets[targetGroup][s][m].wait + \" minutes\\n\" \n                            } \n                        // Close the nested group html\n                        members += nestedText +'\\n';\n                        \n                    }                       \n                  \n\n\t\t\t\t\t// Add devices to message\n\t\t\t\t\t// Check recipient type then get the device from allDevices using the user targetName\n\t\t\t\t\tif (  oncallTargets[targetGroup][s][m].recipientType === \"PERSON\" &&  allDevices[  oncallTargets[targetGroup][s][m].targetName  ]){\n                        // Use whatever device comes first\n\t\t\t\t\t\tdevice = allDevices[oncallTargets[targetGroup][s][m].targetName ][0].device;\n\t\t\t\t\t}\n\t\t\t\t\telse if  (  oncallTargets[targetGroup][s][m].recipientType === \"DEVICE\" &&  allDevices[  oncallTargets[targetGroup][s][m].targetName.split(\"|\")[0]  ]){\n                        // Use whatever device comes first\n\t\t\t\t\t\tdevice = allDevices[oncallTargets[targetGroup][s][m].targetName.split(\"|\")[0] ][0].device;\n\t\t\t\t\t}\n\t\t\t\t\telse{\n\t\t\t\t\t    device = \"\";\n\t\t\t\t\t}\n\n\n                   // Dont add member name when not a nested group\n                    if (oncallTargets[targetGroup][s][m].recipientType !== \"GROUP\"){\n \n                        member += oncallTargets[targetGroup][s][m].displayName + \" (\" +  oncallTargets[targetGroup][s][m].targetName + \")\";\n                    }\n                \n                   // Add wait time when its greater than zero and not part of a group. nested groups will have added wait time already\n                    if ( oncallTargets[targetGroup][s][m].wait  > 0 && oncallTargets[targetGroup][s][m].recipientType !== \"GROUP\"){\n                       members +=  nested + '...wait ' + oncallTargets[targetGroup][s][m].wait + \" minutes\\n\" \n                    }\n                    \n                   // Add Member and device\n                   members +=  member? nested + member + \" \" + device + \"\\n\":\"\";\n\n            } // Close for members\n\n            log(\"fmtPlain shiftName \" + shiftName);\n            // Concatenate the Shift string.\n            shifts +=  nested + `\"Shift: ${shiftName}\"\\n`;\n            // Add members to shift - this puts shift at top\n            shifts += members;\n            \n            log(\"fmtPlain shifts \" + shifts);\n\n        } // Close for shifts\n\n      // Concatenate each oncall member, group and shift\n      if (shifts){\n        formatted = groupName + shifts;\n      }\n      else{\n        formatted = groupName +  nested + 'This group has no shifts\\n';\n      }\n\n    return formatted;\n} //formatMessagePlain()\n\n",
          "accessibleByAll": "NotShared"
        }
      }
    ]
  }
]