[
  {
    "baseType": 3,
    "name": "Groups",
    "defaultValue": "",
    "description": "",
    "helpText": "Enter one or more groups. Use * as a wildcard character. Leave blank for ALL groups. Results will be sent to the default recipients in the Who's On Call Now results form.",
    "isSystem": false,
    "minLength": 0,
    "maxLength": 1000,
    "validationRegex": "",
    "isValidate": false,
    "uuid": "7855c8e6-00a6-4909-82d4-4e491003a68e"
  },
  {
    "baseType": 3,
    "name": "On Call Today HTML 0",
    "defaultValue": "",
    "description": "Populated by Custom Step. Formatted with HTML tags.",
    "helpText": "",
    "isSystem": false,
    "minLength": 0,
    "maxLength": 20000,
    "validationRegex": "",
    "isValidate": false,
    "uuid": "63573a8e-60d0-468b-b885-4087543a362a"
  },
  {
    "baseType": 3,
    "name": "On Call Today HTML 1",
    "defaultValue": "",
    "description": "",
    "helpText": "",
    "isSystem": false,
    "minLength": 0,
    "maxLength": 20000,
    "validationRegex": "",
    "isValidate": false,
    "uuid": "671a6e12-14c3-411f-85db-84573c42704b"
  },
  {
    "baseType": 3,
    "name": "On Call Today HTML 10",
    "defaultValue": "",
    "description": "",
    "helpText": "",
    "isSystem": false,
    "minLength": 0,
    "maxLength": 20000,
    "validationRegex": "",
    "isValidate": false,
    "uuid": "23d44f45-6c8d-4c70-b560-b8f0bb207e8e"
  },
  {
    "baseType": 3,
    "name": "On Call Today HTML 2",
    "defaultValue": "",
    "description": "",
    "helpText": "",
    "isSystem": false,
    "minLength": 0,
    "maxLength": 20000,
    "validationRegex": "",
    "isValidate": false,
    "uuid": "7f7e0e40-cf2f-47cc-a425-60bc1e5571f0"
  },
  {
    "baseType": 3,
    "name": "On Call Today HTML 3",
    "defaultValue": "",
    "description": "",
    "helpText": "",
    "isSystem": false,
    "minLength": 0,
    "maxLength": 20000,
    "validationRegex": "",
    "isValidate": false,
    "uuid": "fb151a0b-3d54-4478-ac18-6adf5786dcbf"
  },
  {
    "baseType": 3,
    "name": "On Call Today HTML 4",
    "defaultValue": "",
    "description": "",
    "helpText": "",
    "isSystem": false,
    "minLength": 0,
    "maxLength": 20000,
    "validationRegex": "",
    "isValidate": false,
    "uuid": "12637654-53aa-47f9-9d76-5771cdc42f94"
  },
  {
    "baseType": 3,
    "name": "On Call Today HTML 5",
    "defaultValue": "",
    "description": "",
    "helpText": "",
    "isSystem": false,
    "minLength": 0,
    "maxLength": 20000,
    "validationRegex": "",
    "isValidate": false,
    "uuid": "bcf6c9c5-bc64-4e42-b67e-b15d1191d2d3"
  },
  {
    "baseType": 3,
    "name": "On Call Today HTML 6",
    "defaultValue": "",
    "description": "",
    "helpText": "",
    "isSystem": false,
    "minLength": 0,
    "maxLength": 20000,
    "validationRegex": "",
    "isValidate": false,
    "uuid": "3a6ad0b4-9ae2-48d7-bbd9-150b3277cc2f"
  },
  {
    "baseType": 3,
    "name": "On Call Today HTML 7",
    "defaultValue": "",
    "description": "",
    "helpText": "",
    "isSystem": false,
    "minLength": 0,
    "maxLength": 20000,
    "validationRegex": "",
    "isValidate": false,
    "uuid": "74b10888-6b18-4ac1-ab1a-7fc1a9f8e299"
  },
  {
    "baseType": 3,
    "name": "On Call Today HTML 8",
    "defaultValue": "",
    "description": "",
    "helpText": "",
    "isSystem": false,
    "minLength": 0,
    "maxLength": 20000,
    "validationRegex": "",
    "isValidate": false,
    "uuid": "8b42386e-507f-49d4-9534-d40ce68cf771"
  },
  {
    "baseType": 3,
    "name": "On Call Today HTML 9",
    "defaultValue": "",
    "description": "",
    "helpText": "",
    "isSystem": false,
    "minLength": 0,
    "maxLength": 20000,
    "validationRegex": "",
    "isValidate": false,
    "uuid": "76c17291-f66f-43f6-a2c6-03e70e9ac4ee"
  },
  {
    "baseType": 3,
    "name": "On Call Today plain",
    "defaultValue": "",
    "description": "Populated by Custom step. Plain text format.",
    "helpText": "",
    "isSystem": false,
    "minLength": 0,
    "maxLength": 20000,
    "validationRegex": "",
    "isValidate": false,
    "uuid": "ea99b00f-d69f-4d50-bbe9-86fc64007d78"
  },
  {
    "baseType": 21,
    "name": "Separator Character",
    "description": "",
    "helpText": "More than one group? Split up the list with this character.",
    "isSystem": false,
    "values": [
      {
        "value": "Newline",
        "isDefault": true,
        "isVisible": true
      },
      {
        "value": "Pipe |",
        "isDefault": false,
        "isVisible": true
      },
      {
        "value": "Comma ,",
        "isDefault": false,
        "isVisible": true
      }
    ],
    "uuid": "6faf1f7b-7e75-42c4-937f-743d15a993b7"
  },
  {
    "baseType": 22,
    "name": "xMatters Groups To Update Slack",
    "description": "",
    "helpText": "",
    "isSystem": false,
    "values": [
      {
        "value": "ESD_DevOps_Webtools",
        "isDefault": false,
        "isVisible": true
      },
      {
        "value": "ESD_DevOps_PIER",
        "isDefault": false,
        "isVisible": true
      }
    ],
    "uuid": "447fbc79-f18c-405d-9993-d0bbe5d86aa2"
  }
]